Index,Field Name,Field Type,Page,Current Value
83,"accident_date",Text,5,""
133,"accident_ref_number",Text,10,""
84,"accident_time",Text,5,""
168,"additional_hazards",Text,6,""
183,"additional_witnesses",Text,9,""
209,"ai_summary",Text,14,""
57,"airbags_deployed",CheckBox,10,"unchecked"
186,"airbags_deployed_no",CheckBox,10,"unchecked"
213,"analysis_metadata",Text,13,""
9,"car_registration_number",Text,1,""
211,"closing_statement",Text,15,""
7,"country",Text,1,""
17,"cover_type",Text,2,""
193,"damage_to_your_vehicle",Text,7,""
65,"date_of_birth",Text,1,""
58,"Date69_af_date",Text,17,""
130,"describe-damage-to-vehicle",Text,8,""
8,"driving_license_number",Text,1,""
21,"driving_license_picture",Text,3,""
48,"driving_your_usual_vehicle_no",CheckBox,7,"unchecked"
173,"dvla_colour",Text,7,""
175,"dvla_fuel_type",Text,7,""
171,"dvla_make",Text,7,""
172,"dvla_model",Text,7,""
177,"dvla_mot_expiry",Text,7,""
176,"dvla_mot_status",Text,7,""
179,"dvla_tax_due_date",Text,7,""
178,"dvla_tax_status",Text,7,""
174,"dvla_year",Text,7,""
1,"email",Text,1,""
142,"emergency_audio_transcription",Text,18,""
66,"emergency_contact_name",Text,2,""
67,"emergency_contact_number",Text,2,""
143,"emergency_recording_timestamp",Text,18,""
207,"final_feeling",CheckBox,4,"unchecked"
210,"final_review",Text,16,""
146,"further_medical_attention_needed",Text,4,""
62,"id",Text,1,""
107,"impact_point_driver_side",CheckBox,7,"unchecked"
102,"impact_point_front",CheckBox,7,"unchecked"
110,"impact_point_front_driver",CheckBox,7,"unchecked"
109,"impact_point_front_passenger",CheckBox,7,"unchecked"
106,"impact_point_passenger_side",CheckBox,7,"unchecked"
103,"impact_point_rear",CheckBox,7,"unchecked"
108,"impact_point_rear_driver",CheckBox,7,"unchecked"
105,"impact_point_rear_passenger",CheckBox,7,"unchecked"
104,"impact_point_roof",CheckBox,7,"unchecked"
187,"impact_point_under_carriage",CheckBox,7,"unchecked"
15,"insurance_company",Text,2,""
150,"junction_control",Text,6,""
149,"junction_type",Text,6,""
99,"location",Text,6,""
198,"location_map_screenshot",Text,11,""
81,"medical_ambulance_called",CheckBox,4,"unchecked"
26,"medical_attention_from_who",Text,4,""
147,"medical_attention_needed",CheckBox,4,"unchecked"
82,"medical_hospital_name",Text,4,""
25,"medical_how_are_you_feeling",Text,4,""
78,"medical_injury_details",Text,4,""
71,"medical_injury_severity",Text,4,""
72,"medical_symptom_abdominal_bruising",CheckBox,4,"unchecked"
75,"medical_symptom_abdominal_pain",CheckBox,4,"unchecked"
79,"medical_symptom_breathlessness",CheckBox,4,"unchecked"
190,"medical_symptom_change_in_vision",CheckBox,4,"unchecked"
73,"medical_symptom_chest_pain",CheckBox,4,"unchecked"
68,"medical_symptom_dizziness",CheckBox,4,"unchecked"
69,"medical_symptom_life _threatening",CheckBox,4,"unchecked"
145,"medical_symptom_limb_pain_mobilty",CheckBox,4,"unchecked"
76,"medical_symptom_limb_weakness",CheckBox,4,"unchecked"
77,"medical_symptom_loss_of_consciousness",CheckBox,4,"unchecked"
80,"medical_symptom_none",CheckBox,4,"unchecked"
74,"medical_symptom_severe_headache",CheckBox,4,"unchecked"
70,"medical_symptom_uncontrolled_bleeding",CheckBox,4,"unchecked"
144,"medical_treatment_recieved",Text,4,""
2,"mobile",Text,1,""
60,"name",Text,1,""
47,"nearest_landmark",Text,6,""
101,"no_damage",CheckBox,7,"unchecked"
49,"no_it_needed_to_be_towed",CheckBox,7,"unchecked"
180,"no-visible-damage",CheckBox,8,"unchecked"
136,"officer_badge",Text,10,""
134,"officer_name",Text,10,""
206,"open",Text,11,""
56,"other_breath_test",Text,10,""
52,"other_driver_vehicle_marked_for_export",Text,8,""
202,"other_vehicle_photo_1_url",Text,12,""
203,"other_vehicle_photo_2_url",Text,12,""
204,"other_vehicle_photo_3_url",Text,12,""
112,"other-contact-number",Text,8,""
124,"other-drivers-insurance-company",Text,8,""
128,"other-drivers-policy-cover-type",Text,8,""
127,"other-drivers-policy-holder-name",Text,8,""
126,"other-drivers-policy-number",Text,8,""
123,"other-driving-license-number",Text,8,""
113,"other-email-address",Text,8,""
111,"other-full-name",Text,8,""
117,"other-vehicle-look-up-colour",Text,8,""
118,"other-vehicle-look-up-fuel-type",Text,8,""
129,"other-vehicle-look-up-insurance-status",Text,8,""
114,"other-vehicle-look-up-make",Text,8,""
116,"other-vehicle-look-up-model",Text,8,""
122,"other-vehicle-look-up-mot-expiry-date",Text,8,""
120,"other-vehicle-look-up-mot-status",Text,8,""
125,"other-vehicle-look-up-tax-due-date",Text,8,""
121,"other-vehicle-look-up-tax-status",Text,8,""
119,"other-vehicle-look-up-year",Text,8,""
115,"other-vehicle-registration",Text,8,""
139,"police_attend",CheckBox,10,"unchecked"
132,"police_attended",CheckBox,10,"unchecked"
135,"police_force",Text,10,""
19,"policy_holder",Text,2,""
16,"policy_number",Text,2,""
6,"postcode",Text,1,""
212,"quality_review",Text,13,""
18,"recovery_breakdown_email",Text,1,""
14,"recovery_breakdown_number",Text,1,""
13,"recovery_company",Text,1,""
92,"road_condition_dry",CheckBox,5,"unchecked"
93,"road_condition_icy",CheckBox,5,"unchecked"
89,"road_condition_loose_surface",CheckBox,5,"unchecked"
91,"road_condition_slush_on_road",CheckBox,5,"unchecked"
90,"road_condition_snow_covered",CheckBox,5,"unchecked"
88,"road_condition_wet",CheckBox,5,"unchecked"
97,"road_markings_visible_partially",CheckBox,5,"unchecked"
96,"road_markings_vsible_no",CheckBox,5,"unchecked"
95,"road_markings_vsible_yes",CheckBox,5,"unchecked"
43,"road_type_a_road",CheckBox,5,"unchecked"
44,"road_type_b_road",CheckBox,5,"unchecked"
39,"road_type_car_park",CheckBox,5,"unchecked"
36,"road_type_motorway",CheckBox,5,"unchecked"
41,"road_type_private_road",CheckBox,5,"unchecked"
38,"road_type_rural",CheckBox,5,"unchecked"
37,"road_type_urban",CheckBox,5,"unchecked"
199,"scene_photo_1_url",Text,12,""
200,"scene_photo_2_url",Text,12,""
201,"scene_photo_3_url",Text,12,""
138,"seatbelt_reason",Text,10,""
140,"seatbelt_worn",CheckBox,10,"unchecked"
141,"seatbelt_worn_no",CheckBox,10,"unchecked"
59,"Signature70",Signature,17,""
191,"six_point_safety_check_completed",CheckBox,4,"unchecked"
163,"special_condition_animals",CheckBox,6,"unchecked"
160,"special_condition_crossing",CheckBox,6,"unchecked"
155,"special_condition_cyclists",CheckBox,6,"unchecked"
167,"special_condition_narrow_road",CheckBox,6,"unchecked"
158,"special_condition_oil_spills",CheckBox,6,"unchecked"
165,"special_condition_parked_vehicles",CheckBox,6,"unchecked"
156,"special_condition_pedestrians",CheckBox,6,"unchecked"
159,"special_condition_potholes",CheckBox,6,"unchecked"
153,"special_condition_roadworks",CheckBox,6,"unchecked"
161,"special_condition_school_zone",CheckBox,6,"unchecked"
157,"special_condition_traffic_calming",CheckBox,6,"unchecked"
154,"special_condition_workmen",CheckBox,6,"unchecked"
31,"speed_limit",Text,5,""
3,"street",Text,1,""
5,"street_name_optional",Text,1,""
192,"subscription_start_date",Text,2,""
61,"surname",Text,1,""
4,"town",Text,1,""
40,"traffic_conditions_heavy",CheckBox,5,"unchecked"
45,"traffic_conditions_light",CheckBox,5,"unchecked"
42,"traffic_conditions_moderate",CheckBox,5,"unchecked"
46,"traffic_conditions_no_traffic",CheckBox,5,"unchecked"
152,"traffic_light_status",Text,6,""
50,"unsure _did_not_attempt",CheckBox,7,"unchecked"
137,"user_breath_test",Text,10,""
151,"user_manoeuvre",Text,6,""
169,"usual_vehicle",CheckBox,7,"unchecked"
11,"vehicle_colour",Text,1,""
12,"vehicle_condition",Text,1,""
194,"vehicle_damage_photo_1_url",Text,11,""
195,"vehicle_damage_photo_2_url",Text,11,""
196,"vehicle_damage_photo_3_url",Text,11,""
197,"vehicle_damage_photo_4_url",Text,11,""
205,"vehicle_damage_photo_5_url",Text,11,""
170,"vehicle_license_plate",Text,7,""
100,"vehicle_make",Text,1,""
10,"vehicle_model",Text,1,""
24,"vehicle_picture_back",Text,3,""
22,"vehicle_picture_driver_side",Text,3,""
20,"vehicle_picture_front",Text,3,""
23,"vehicle_picture_passenger_side",Text,3,""
166,"visibility_large_vehicle",CheckBox,6,"unchecked"
189,"visibility_poor",CheckBox,5,"unchecked"
164,"visibility_restricted_structure",CheckBox,6,"unchecked"
162,"visibility_sun_glare",CheckBox,6,"unchecked"
63,"visibility_very_poor",CheckBox,5,"unchecked"
188,"visibilty_good",CheckBox,5,"unchecked"
148,"visibilty_street_lights",CheckBox,5,"unchecked"
208,"voice_transcription",Text,13,""
87,"weather_bright_sunlight",CheckBox,5,"unchecked"
86,"weather_clear",CheckBox,5,"unchecked"
85,"weather_cloudy",CheckBox,5,"unchecked"
32,"weather_drizzle",CheckBox,5,"unchecked"
35,"weather_dusk",CheckBox,5,"unchecked"
28,"weather_fog",CheckBox,5,"unchecked"
64,"weather_hail",CheckBox,5,"unchecked"
27,"weather_heavy_rain",CheckBox,5,"unchecked"
33,"weather_raining",CheckBox,5,"unchecked"
29,"weather_snow",CheckBox,5,"unchecked"
30,"weather_thunder_lightening",CheckBox,5,"unchecked"
34,"weather_windy",CheckBox,5,"unchecked"
98,"what3words",Text,6,""
131,"witness_email_2",Text,9,""
182,"witness_email_address",Text,9,""
181,"witness_mobile_number",Text,9,""
53,"witness_name",Text,9,""
184,"witness_number",Text,9,""
54,"witness_statement",Text,9,""
55,"witness_statement_2",Text,9,""
185,"witnesses_present",CheckBox,9,"unchecked"
51,"yes_i_drove_it_away",CheckBox,7,"unchecked"
94,"your_speed",Text,5,""